user_id,loyalty_score
5,0.9263565891472868
8,0.9019607843137255
6,0.8966942148760331
7,0.884
